board_size,iterations,cpu_lat_mean,cpu_lat_std,gpu_fair_lat_mean,gpu_fair_lat_std,cpu_eng_mean,cpu_eng_std,gpu_fair_eng_mean,gpu_fair_eng_std,cpu_eng_per_move_mean,cpu_eng_per_move_std,gpu_fair_eng_per_move_mean,gpu_fair_eng_per_move_std,cpu_throughput_per_w_mean,cpu_throughput_per_w_std,gpu_fair_throughput_per_w_mean,gpu_fair_throughput_per_w_std,gpu_cap_lat_mean,gpu_cap_lat_std,gpu_cap_eng_mean,gpu_cap_eng_std,gpu_cap_eng_per_move_mean,gpu_cap_eng_per_move_std,gpu_cap_throughput_per_w_mean,gpu_cap_throughput_per_w_std
2x2,200,1.819,0.062,90.100,1.480,103.456,5.454,12189.716,211.238,0.517280,0.027271,60.948582,1.056189,1937.455,101.307,16.411,0.278,58.739,0.738,11434.935,290.939,57.174676,1.454696,17.499,0.445
3x3,500,12.308,0.664,222.314,2.202,685.198,39.077,27147.841,255.987,1.370395,0.078154,54.295682,0.511973,731.600,41.311,18.419,0.172,144.978,0.864,20950.286,294.223,41.900571,0.588446,23.870,0.338
5x5,1000,99.352,0.450,444.085,3.262,5501.992,23.705,52112.227,280.543,5.501992,0.023705,52.112227,0.280543,181.755,0.783,19.190,0.103,289.729,1.686,45572.306,3507.969,45.572306,3.507969,22.055,1.824
9x9,5000,2052.440,34.012,2247.558,4.414,114076.214,2076.919,255665.508,660.340,22.815243,0.415384,51.133102,0.132068,43.842,0.806,19.557,0.051,3638.992,0.138,1033009.732,107748.221,206.601946,21.549644,4.890,0.593
13x13,7500,8646.365,26.328,3706.096,23.797,487025.747,11498.324,422583.965,2659.971,64.936766,1.533110,56.344529,0.354663,15.406,0.359,17.749,0.112,12647.336,4.885,2907415.347,166817.676,387.655380,22.242357,2.586,0.138
19x19,10000,30226.305,122.827,7349.215,14.904,1696445.364,25874.874,837006.951,1730.524,169.644536,2.587487,83.700695,0.173052,5.896,0.089,11.947,0.025,27412.382,17.118,6126612.737,83341.957,612.661274,8.334196,1.632,0.022
